1,1,pli,1,CHART NO. 1
2,2,pli,2,INDONESIA ARCHIPELAGO AND SURROUND
3,3,pli,3,KEPULAUAN INDONESIA DAN SEKITARNYA KAWASAN TIMUR
4,4,pli,4,SUMATERA BAGIAN UTARA
5,5,pli,5R1#5R2#5,SELAT RAYA#TELUK RIGAIH DAN TELUK CALANG#SUMATERA-PANTAI BARAT
6,6,pli,6R2#6R4#6R5#6R1#6R3#6,TELUK SABANG#TELUK KRUENGRAYA#SPECIAL TERMINAL PT.LAFARGE CEMENT INDONESIA TBK (LHOKNGA
7,7,pli,7,SUMATERA-PANTAI BARAT LAUT
8,8,pli,8R1#8R2#8,PELABUHAN SIGLI#SAMALANGA#SUMATERA-PANTAI UTARA
9,9,pli,9,SUMATERA-PANTAI TIMUR
10,10,pli,10,SUMATERA-PANTAI TIMUR
11,11,pli,11,SUMATERA-EAST COAST
12,12,pli,12,SUMATERA-EAST COAST
13,13,pli,13R1#13,SELAT KUNGKUNG#SUMATERA-EAST COAST
14,13A,pli,13AR1#13A,PULAU KARIMUN BESAR
15,14,pli,14R1#14#14R2,SUNGAIPAKNING HARBOUR#SUMATERA-EAST COAST PASSAGE SELAT BENGKALIS TO SELAT PANJANG#SUNGAI SIAK
16,14A,pli,14A,SUMATERA PANTAI-TIMUR
17,15,pli,15R1#15R2,TELUK LANGSA
18,16,pli,16R1#16,PELABUHAN PANGKALANSUSU#SUMATERA-PANTAI TIMUR
19,17,pli,17R2#17R1#17,KALIMANTAN-SOUTH COAST
20,17A,pli,17A#17A R1#17A R2#17A R3,KALIMANTAN-PANTAI SELATAN
21,18,pli,18#18R1#18R2,SUMATERA-EAST COAST
22,18A,pli,18A,SUMATERA-PANTAI TIMUR
23,19,pli,19R1#19,PELABUHAN BELAWAN#SUMATERA PANTAI TIMUR
24,20,pli,20R2#20R1#20R3,SUNGAI ASAHAN
25,21,pli,21#21R1,SUMATERA-PANTAI TIMUR
26,22,pli,22R1#22R2#22,MUARA SUNGAI MESUJI#MUARA SUNGAI TULANG BAWANG#MUARA SUNGAI TULANG BAWANG AND SUNGAI MESUJI
27,23,pli,23R1#23R2#23R3#23R4,BANGKARU PANTAI TENGGAR
28,24,pli,24#24R1,SUMATERA-PANTAI TIMUR
29,25,pli,25R1#25R2#25,PORT OF KRUENGGEUKEUH#PORT OF BLANGLANCANG#SUMATERA-NORTH COAST
30,25A,pli,25A,SUMATERA-NORTH COAST
31,26,pli,26R1#26R2#26,PELABUHAN MEULABOH#PELABUHAN SUSOH#SUMATERA-PANTAI BARAT
32,27,pli,27,SUMATERA-WEST COAST
33,28,pli,28,SUMATER- PANTAI BARAT
34,29,pli,29,SUMATERA -PANTAI BARAT
35,30,pli,30,SUMATERA-WEST COAST
36,31,pli,31,SUMATERA-PANTAI BARAT
37,32,pli,32R3#32R1#32R2#32,KANUHUYO HARBOUR#TELUK ENGGANO#BERTS SURROUND PULAU SATU#SUMATERA-WEST COAST
38,33,pli,33R2#33#33R1,PELABUHAN PULAU BAAI#SUMATERA-WEST COAST
39,34,pli,34R1#34R2#34#34R3,PORT OF MAJENE AND BALANGNIPA#MAMUJU BAY#SULAWESI-WESTERN COAST
40,35,pli,35,SELAT MAKASAR
41,36,pli,36R4#36R5#36R6#36R1#36R2#36R3#36R7#36R8#36R9#36R10#36R11#36R12,SULAWESI-NORTH COAST
42,37,pli,37,KALIMANTAN-PANTAI TIMUR
43,38,pli,38,NATUNA SEA
44,38A,pli,38A,NATUNA SEA
45,39,pli,39R1#39R2#39,PELABUHAN KHUSUS PT.PUPUK KALTIM DAN PELABUHAN LOKTUAN#PELABUHAN TANJUNG LAUT#KALIMANTAN-PANTAI TIMUR
46,39A,pli,39A,KALIMANTAN-PANTAI TIMUR
47,39B,pli,39B,KALIMANTAN-PANTAI TIMUR
48,39C,pli,39C,KALIMANTAN-PANTAI TIMUR
49,40,pli,40,SUMATERA-PANTAI TIMUR
50,41,pli,41,SUMATERA-EAST COAST
51,42,pli,42,PULAU-PULAU RIAU
52,43,pli,43R3#43R2#43R1#43,PELABUHAN RENGAT#SUNGAI INDRAGIRI#SUNGAI INDRAGIRI#SUMATERA-PANTAI TIMUR
53,44,pli,44R1#44R2#44,SEKUPANG PORT#BATUAMPAR PORT#PULAU PULAU RIAU
54,44A,pli,#N/A,PULAU PULAU RIAU - ALUR PELAYARAN SEKUPANG DAN BATU AMPAR
55,45,pli,45R4#45R1#45R2#45R3#45R5,PULAU-PULAU RIAU
56,45A,pli,45A,KEPULAUAN RIAU
57,46,pli,46,SUMATERA-EAST COAST
58,47,pli,47,PULAU-PULAU LINGGA (BAGIAN SELATAN)
59,48,pli,48R1#48R2#48R3#48#48Rc#48Rb#48Ra,PELABUHAN JAMBI#PELABUHAN MUARASABAK#LINTASAN DEKAT SUNGAI KELEMAK#SUMATERA-PANTAI TIMUR
60,48A,pli,48A R1#48A#48A R2#48A R3#48A R4#48A R5,SUNGAI TUNGKAL
61,49,pli,49R1#49R2#49R3#49,KABIL HARBOUR#TANJUNGUBAN HARBOUR#CITRANUSA AKBIL HARBOUR#PULAU-PULAU RIAU
62,49A,pli,49A#49A R1,BINTAN ISLAND-NORTHWEST COAST
63,50,pli,50R1#50R2#50R3#50R5#50R4#50R6,BELITUNG-EAST COAST
64,51,pli,51,SUMATERA-PANTAI TIMUR
65,52,pli,52R1#52R2#52,BANGKA-WEST COAST
66,53,pli,53R2#53#53R1,PANGKAL BALAM HARBOUR#PANGKALPINANG HARBOUR#APROACHES TO PANGKAL BALAM HARBOUR
67,54,pli,54,SULAWESI-SOUTH EAST COAST
68,55,pli,55,SULAWESI-SOUTHEAST COAST
69,56,pli,56R2#56R1,PELABUHAN KOBA DAN ALUR PELAYARAN SEBELAH TIMUR#PELABUHAN SUNGAILIAT
70,57,pli,57#57R1#57R2,KALIMANTAN-PANTAI TIMUR
71,58,pli,58,KALIMANTAN-PANTAI TIMUR
72,59,pli,59,KALIMANTAN-EAST COAST
73,59A,pli,59A,KALIMANTAN-PANTAI TIMUR
74,59B,pli,59B,KALIMANTAN-PANTAI TIMUR
75,60,pli,60R1#60,TELUK KLABAT#SUMATERA-EAST COAST
76,61,pli,61,PULAU BANGKA
77,62,pli,62R15#62R14#62R1#62R2#62R3#62R4#62R5#62R7#62R8#62R9#62R10#62R11#62R12#62R13#62R6#62,TELUK WORI#TELUK KORAKORA#TELUK DOMISIL#PALELEH AND LINTIDU HARBOUR#LOKODIDI AND TELUK LUOKODOKA#TELUK PINJANG#TELUK BUSAK#TALISEI HARBOUR#LINGADAN HARBOUR AND TELUK BELONLIOH#LIKUPANG HARBOUR#TELUK HIMANA#TELUK LABUHAN BROKO#TELUK BOLAANGUKI#KEMA HARBOUR#SUMALATA HARBOUR#SULAWESI NORTH COAST
78,63,pli,63,SELAT GELASA
79,64,pli,64R1#64R2#64,PULAU BELITUNG-WEST COAST
80,65,pli,65R1#65R2#65,SELAT KIJANG
81,66,pli,66,LAUT JAWA
82,67,pli,67R1#67,PELABUHAN TANJUNGBARA#KALIMANTAN-PANTAI TIMUR
83,68,pli,68,JAWA WEST PART
84,69,pli,69,JAWA
85,70,pli,70,JAWA EAST PART
86,70A,pli,70A,PULAU BAWEAN TO PULAU BALI
87,71,pli,71R1#71R2#71R3#71,SUMATERA-SOUTH COAST
88,71A,pli,71A,JAWA PANTAI BARAT
89,72,pli,72,SUMATERA-WEST COAST
90,73,pli,73R3#73R4#73R5#73R1#73R2,PULAU-PULAU BATU
91,74,pli,74,SUMATERA-PANTAI BARAT
92,75,pli,75R2#75R1,SUMATERA-PANTAI BARAT
93,76,pli,76,SUMATERA-PANTAI BARAT
94,77,pli,77,SUMATERA-PANTAI BARAT
95,78,pli,78,JAWA-NORTH COAST
96,79,pli,79R1#79R3#79#79R2,KARANG KARANG SEDULANG#PULAU BIAWAK#JAWA NORTH COAST
97,80,pli,80,JAWA-PANTAI UTARA
98,81,pli,81R1#81,TANJUNG BONANG HARBOUR
99,81A,pli,81A,JAWA-NORTH COAST
100,81B,pli,81B#81B R1,JAWA-BAGIAN TENGAH
101,82,pli,82,JAWA-NORTH COAST
102,83,pli,83R5#83R4#83R3#83R2#83R1,BAWEAN HARBOUR#PULAU BAWEAN#PULAU KARAMIAN#PULAU MASALEMBO AND PULAU MASAKAMBING#PULAU-PULAU KARIMUNJAWA
103,84,pli,84,JAWA-NORTH COAST
104,84A,pli,84A,ALUR PELAYARAN BARAT SURABAYA
105,84B,pli,84B,JAWA-PANTAI UTARA
106,84C,pli,84C,JAWA-PANTAI UTARA
107,84D,pli,84D,JAWA-PANTAI UTARA
108,85,pli,85,JAKARTA
109,85A,pli,85A,INDONESIA. JAKARTA. PELABUHAN TANJUNG PRIOK
110,86,pli,86,JAWA-NORTH COAST
111,86A,pli,86A,JAWA-NORTH COAST
112,86B,pli,86B,JAWA-NORTH COAST
113,86C,pli,86C,JAWA PANTAI UTARA
114,87,pli,87,KANGEAN ISLANDS
115,88,pli,88R5#88R5 AREA1#88R5 AREA2#88R1#88R2#88R3#88R4,JAWA-NORTH COAST
116,88A,pli,88A,JAWA-PANTAI UTARA
117,89,pli,89R4#89R1#89R3#89R2,BAWEAN-PANTAI SELATAN
118,90,pli,90R7#90R1#90R2#90R3#90R5#90R4#90R6#90R8,BALI-PANTAI BARAT
119,91,pli,91R1#91,TANJUNGMAS PORT#JAWA-NORTH COAST
120,92,pli,92,MADURA-SOUTH COAST
121,93,pli,93,JAWA-PANTAI SELATAN
122,94,pli,94R1#94,KALIANDA HARBOUR#SUMATERA-SOUTH COAST
123,95,pli,95R8#95R5#95R4#95R1#95R2#95R3#95R6#95R7,JAWA-WEST COAST
124,95A,pli,95A#95A R1,JAWA-WEST COAST
125,96,pli,96,JAWA-NORTH COAST
126,96A,pli,96A,JAWA-NORTH COAST
127,97,pli,97R1#97,PELABUHAN SEMEN TUBAN#JAWA-PANTAI UTARA
128,97A,pli,97A,JAWA-PANTAI UTARA
129,98,pli,98,JAWA-NORTH COAST
130,99,pli,99R4#99R1#99R3#99R2,PELABUHAN PAGERUNGAN#KANGEAN-PANTAI BARAT
131,100,pli,100,SUMATERA-PANTAI BARAT DAN PANTAI UTARA
132,101,pli,101,SUMATERA-PANTAI TIMU
133,102,pli,102,SUMATERA-PANTAI TIMUR
134,103,pli,103,SUMATERA-EAST COAST
135,104,pli,104,SUMATERA-PANTAI TIMUR
136,105,pli,105,PULAU-PULAU RIAU
137,106,pli,106R1#106R2#106,PELABUHAN BATAM CENTRE#SUNGAI NONGSA#PULAU-PULAU RIAU
138,107,pli,107R1#107,LANGGARA PORT#SULAWESI EAST COAST
139,108,pli,108,JAWA-SOUTH COAST
140,108A,pli,108A R1#108A,PELABUHAN PLTU CILACAP#JAWA-PANTAI SELATAN
141,109,pli,109R5#109R8#109R1#109R10#109R11#109R12#109R13#109R2#109R3#109R4#109R6#109R7#109R9,PELABUHAN PELABUHANRATU#TELUK GENTENG BARAT#TELUK CILETUH#TELUK PACITAN#TELUK PRIGI#TELUK GRAJAGAN#JAWA-PANTAI TIMUR
142,109A,pli,109A,JAWA-PANTAI SELATAN
143,110,pli,110R1#110R2#110R3#110R4#110R5#110R6#110R7#110R8#110R9,TEMPAT BERLABUH SEKITAR TAMPENANBALE#TEMPAT BERLABUH SEKITAR LABUHANBLANDA#TEMPAT BERLABUH SEKITAR LOBA#SELAT BUTON
144,111,pli,111,NUSA TENGGARA AND FLORES SEA
145,112,pli,112,NUSATENGGARA
146,113,pli,113,NUSATENGGARA
147,114,pli,114,NUSATENGGARA
148,115,pli,115,NUSATENGGARA
149,116,pli,116,NUSATENGGARA
150,117,pli,117,NUSATENGGARA
151,118,pli,118,SULAWESI-NORTHWEST COAST
152,119,pli,119R1#119,SULAWESI-WEST COAST
153,121,pli,121,MAKASSAR STRAIT
154,122,pli,122,KALIMANTAN-SOUTHEAST COAST
155,123,pli,123,SELAT MAKASSAR
156,124,pli,124,SULAWESI-WEST COAST
157,125,pli,125,MAKASSAR STRAIT
158,125A,pli,125A R2#125A#125A R1,KALIMANTAN-PANTAI TIMUR
159,126,pli,126,KALIMANTAN-NORTH COAST
160,127,pli,127,MAKASSAR STRAIT CENTRAL PORTION
161,128,pli,128,SELAT MAKASSAR
162,129,pli,129#129R2#129R1,PANTAI TENGGARA KALIMANTAN
163,129A,pli,129A R1#129A,PULAU LAUT BAGIAN UTARA
164,129B,pli,129B R1#129B,KALIMANTAN-EAST COAST
165,130,pli,130R1#130,TEMPADUNG PASSAGE#SELAT MAKASSAR
166,131,pli,131,SULAWESI-PANTAI TIMUR
167,132,pli,132,KALIMANTAN-PANTAI TIMUR
168,133,pli,133R1#133R2#133R3#133R4#133R5,MUARA SUNGAI PASIR#TELUK KLUMPANG#PULAU-PULAU LIMA#TELUK PAMUKAN#PULAU-PULAU LAUROT MATASIRI
169,134,pli,134R1#134R3#134R2,SUMATERA-PANTAI BARAT
170,135,pli,135,SUMATERA-WEST COAST
171,136,pli,136,SUMATERA-PANTAI BARAT
172,137,pli,137,SUMATERA-PANTAI BARAT
173,138,pli,138R5#138R2#138R3#138R6#138R7#138R8#138R4#138R1#138R9#138R10,TELUK BONE
174,139,pli,139,SULAWESI-WEST COAST
175,140,pli,140,SULAWESI-PANTAI TIMUR
176,141,pli,141#141R1,PANTAI BARAT SULAWESI BARAT
177,142,pli,142,EAST COAST SULAWESI AND ISLANDS VICINITY
178,143,pli,143R1#143R2#143R3#143,SELAYAR-PANTAI BARAT
179,144,pli,144#144R1,SULAWESI-PANTAI SELATAN DAN SISI BARAT TELUK BONE
180,145,pli,145,PULAU-PULAU MALUKU
181,146,pli,146,MALUKU ISLANDS SOUTHERN PORTION
182,147,pli,147,NATUNA SEA
183,148,pli,148,KALIMANTAN-WEST COAST
184,149,pli,149,KALIMANTAN-PANTAI BARAT DAN PANTAI SELATAN (SELAT KARIMATA) PULAU-PULAU KARIMATA HINGGA TANJUNG PUTING
185,150,pli,150,KALIMANTAN-SOUTH COAST
186,151,pli,151,PAPUA DAN PULAU-PULAU SEKITARNYA
187,152,pli,152R2#152R1#152,TELUK LARIKO (WAMINDA)#TELUK MEKONGGA
188,153,pli,153R1#153R2#153R3#153R4#153,ALUR PELAYARAN KE PEMANGKAT#MUARA SUNGAI SAMBAS KECIL#SUNGAI SAMBAS BESAR
189,154,pli,154R1#154#154R2#154R3,PELABUHAN PULANGPISAU#KALIMANTAN TENGAH
190,155,pli,155R1#155#155R2,PELABUHAN PALANGKARAYA#KALIMANTAN TENGAH
191,156,pli,156R2#156R4#156R3#156R1,KALIMANTAN-SOUTH COAST
192,157,pli,157,MAKASSAR STRAIT
193,158,pli,158,MAKASSAR STRAIT
194,159,pli,159R1#159R3#159R2#159R5#159R4#159R6#159R7#159,LOAKULU SEBULU#SUNGAI BAGUSAN (NORTH PART)#PULAU SUNGAIKELAMBU#MUARA BAYUR
195,160,pli,160R5#160R1#160R2#160R3#160R4,PELABUHAN PLAJU DAN SUNGAIGERONG#SUMATERA-PANTAI TIMUR
196,160A-I,pli,160A L1,SUMATERA-PANTAI TIMUR
197,160A-II,pli,160A L2R1#160A L2,SUMATERA-PANTAI TIMUR
198,160A-III,pli,160A L3R1#160A L3#160A L3R2,SUNGAI AIRTELUKTENGGULANG#SUMATERA-PANTAI TIMUR
199,160A-IV,pli,160A-IV,INDONESIA. SUMATERA-EAST COAST. AIR TELUK TENGGULANG RIVER.SHEET IV
200,160B,pli,,INDONESIA SUMATERA - EAST COAST SUNGAI MUSI ENTRANCE TO LEMATANG
201,161,pli,161R1#161R2,SUNGAI GERONG HINGGA PALEMBANG#KERTAPATI HINGGA SUNGAI PUTAT
202,162,pli,162R1#162R2#162R3#162R4#162R5#162,NUHUYUT
203,163,pli,163,SUMATERA-WEST COAST
204,164,pli,164,SUMATERA-PANTAI BARAT
205,165,pli,165,SUMATERA-PANTAI BARAT
206,166,pli,166,SUMATERA-PANTAI BARAT
207,167,pli,167,SUMATERA-PANTAI BARAT
208,168,pli,168R2#168R1,PELABUHAN SINABANG#SUMATERA-PANTAI BARAT
209,170,pli,170,SELAT SUNDA-MERAK TO BAKAUHENI
210,171,pli,171R3#171R4#171R1#171R2,MUARA SUALANG#BENOABARU HARBOUR#TELUK LOMBOK#TELUK SANGKULIRANG
211,172,pli,172,SUMATERA-PANTAI TIMUR
212,173,pli,173R1#173,TELUK PAREPARE#SULAWESI-WEST COAST
213,174,pli,174R1#174R2#174R3#174R6#174R4#174R5#174R7,KALUKALUKUANG ISLAND#BERTHS AREA
214,175,pli,175R8#175R13#175R1#175R2#175R3#175R4#175R5#175R7#175R9#175R10#175R11#175R6#175R12,WANI HARBOUR AND PANTOLOAN HARBOUR#LOLIODI HARBOUR#SUNGAI KARAMA#TELUK KAPAS#KOROSA HARBOUR#HARBOUR NEAR THE ESTUARY
215,176,pli,176#176R2#176R3#176R5#176R4#176R1,SULAWESI-WEST COAST
216,177,pli,177R2#177R4#177R5#177R6#177R7#177R8#177R1#177R3,NIAS-PANTAI UTARA
217,178,pli,178R2#178R3#178R1,TELUK AFULU#PELABUHAN SIROMBU#PULAU-PULAU HINAKO
218,179,pli,179R6#179R1#179R2#179R3#179R4#179R5,SIBOLGA HARBOUR#SINGKIL HARBOUR#TAPUS HARBOUR#BARUS HARBOUR#TABUYUNG HARBOUR#TELUK SIBOLGA
219,180,pli,180R2#180R3#180R4#180R5#180R6#180R1,PARIAMAN HARBOUR#TIKU HARBOUR#PALIMBUNGAN BATAHAN HARBOUR#TELUK AYERBANGIS#NATAL HARBOUR#WEST COAST-SUMATERA
220,181,pli,181R1#181R2#181R3#181,PORT OF MEMPERUK#PORT OF JEMAJA#PORT OF TAREMPA#NATUNA SEA
221,181A,pli,181A,LAUT NATUNA - PULAU PULAU ANAMBAS
222,182,pli,182R1#182,SIANTAN-NORTH COAST
223,182A,pli,182A,LAUT NATUNA PELABUHAN MATAK (GUGUS SEBELAH TIMUR LAUT)
224,183,pli,183R7#183R6#183R2#183R3#183R4#183R5#183R8#183R9#183R10#183R11#183R12#183R13#183R14#183R15#183 AREA1#183 AREA2#183R1,SANGIHE-PANTAI BARAT
225,184,pli,184R1#184R2#184R3#184R4#184R5#184R6#184R8#184R7#184R9#184,MIANGAS#KARAKELANG-PANTAI BARAT
226,185,pli,185R1#185R2#185,ARAR PORT#KATAPOP HARBOUR#PAPUA-WEST COAST
227,186,pli,186,PAPUA-PANTAI BARAT
228,186A,pli,186A#186A R1,PAPUA BARAT
229,186B,pli,186B,PAPUA BARAT
230,186C,pli,186C,RAJA AMPAT-PAPUA BARAT
231,187,pli,187,PAPUA PANTAI BARAT
232,188,pli,188R2#188R1#188R3#188R5#188R4#188R6#188R8#188R9#188R7,MUNA-PANTAI BARAT
233,189,pli,189R2#189R1#189R3,PELABUHAN NEIRA#PULAU-PULAU BANDA#PULAU-PULAU WATUBELA
234,190,pli,190,PAPUA-PANTAI UTARA
235,191,pli,191,PULAU BIAK-PANTAI SELATAN
236,192,pli,192,SULAWESI-EAST COAST TOMINI BAY
237,193,pli,193R1#193R4#193R3#193R2#193,PELABUHAN BUMBULAN#TELUK LIMBA#TELUK DULUPI#TELUK TILAMUTA#SULAWESI-PANTAI TIMUR
238,194,pli,194R1#194R2#194R3#194,TULADENGGI HARBOUR#MOGOGONDO HARBOUR#TOMINI HARBOUR#SULAWESI-EAST COAST
239,195,pli,195,SELAT BALI
240,196,pli,196,PAPUA-PANTAI UTARA
241,197,pli,197,PULAU-PULAU KAI
242,198,pli,198R5#198R1#198R2#198R3#198R4,PELABUHAN MERAUKE#MERAUKE
243,198A,pli,198A R2#198A R1#198A,MOUTH OF MARO RIVER#MERAUKE PORT#PAPUA-SOUTH WEST
244,199,pli,199R4#199R3#199R1#199R2,AGATS#DANAU SAUWA#PAPUA-PABTAI BARAT DAYA
245,200,pli,200R2#200R3#200#200R1,AIDUNA#UMAR#PAPUA-SOUTHWEST COAST
246,200A,pli,200A R1#200A R2#200A,PAPUA-PANTAI BARAT DAYA
247,201,pli,201#201R1,PAPUA-PANTAI BARAT DAYA
248,202,pli,202 AREA1#202 AREA2,TELUK ITEBA#TELUK KAYUMERAH DAN TELUK LAKAHIA
249,203,pli,203#203R2#203R3#203R1,PAPUA-PANTAI BARAT DAYA
250,204,pli,204R1#204R2,TELUK KAMRAU#TELUK ARGUNI
251,205,pli,205,PAPUA-WEST COAST
252,206,pli,206,PAPUA-WEST COAST TELUK BERAU
253,206A,pli,206A,PAPUA-TELUK BINTUNI
254,206B,pli,206B,PAPUA-TELUK BERAU
255,206C,pli,206C,PAPUA-WEST PAPUA
256,206D,pli,206D#206D R1,PAPUA-TELUK BINTUNI
257,207,pli,207,PAPUA-PANTAI BARAT
258,208,pli,208R1#208R3#208R4#208R5#208R10#208R9#208R8#208R6#208R7#208R2,PAPUA-WEST COAST
259,209,pli,209R1#209R2#209,SUNGAI WASIAN#SUNGAI BATUBARA#PAPUA-PANTAI BARAT
260,210,pli,210,PAPUA-PANTAI BARAT
261,211,pli,211,LAUT SERAM
262,212,pli,212,PAPUA-PANTAI BARAT
263,213,pli,213,PAPUA-WEST COAST
264,214,pli,214,PAPUA-PANTAI UTARA
265,215,pli,215,PAPUA-PANTAI UTARA
266,216,pli,216,IRIAN JAYA (PAPUA)-PANTAI BARAT
267,217,pli,217#217R1,PAPUA-PANTAI UTARA
268,218,pli,218R14#218R1#218R3#218R4#218R5#218R6#218R7#218R8#218R9#218R10#218R12#218R13#218R2#218R11,SELAT SELE
269,219,pli,219,PAPUA-NORTH COAST
270,220,pli,220R1#220R2#220,PELABUHAN MANOKWARI#ALUR PELAYARAN MANOKWARI#PAPUA PANTAI UTARA
271,221,pli,221,PAPUA-PANTAI UTARA
272,222,pli,222R1#222R2#222,SAMABUSA NABIRE HARBOUR#WASIOR HARBOUR#PAPUA-NORTH COAST
273,223,pli,223,PAPUA-PANTAI UTARA
274,224,pli,224,PAPUA-PANTAI UTARA
275,225,pli,225R1#225R2#225R3#225R5#225R6#225R8#225R9#225R7#225R4,PANTAI SELATAN BIAK
276,226,pli,226R4#226R11#226R3#226R5#226R6#226R7#226R8#226R9#226R12#226R13#226R14#226R15#226R16#226R17#226R18#226R19#226R10#226R2#226R1,TELUK ORANSBARI#PELABUHAN SYERI#TELUK RAREWARAI#BAGIAN SELATAN
277,227,pli,227R3#227R2#227#227R1,JEMBATAN PERAHU#PELABUHAN SARMI#PAPUA-PANTAI UTARA
278,228,pli,228,IRIANJAYA (PAPUA)-PANTAI UTARA
279,229,pli,229R1#229R2#229R3#229R5#229R6#229R7#229R8#229R9#229R4,BUTON-PANTAI SELATAN
280,230,pli,230R1#230R2#230R3#230R4#230R5#230R7#230R8#230R9#230R6,PULAU-PULAU LINGGA
281,231,pli,231,SUMATERA-PANTAI BARAT
282,232,pli,232#232R1,SULAWESI-PANTAI TIMUR
283,233,pli,233R6#233R7#233R1#233R2#233R3#233R4#233R5,TANAH MERAH#MINDIPTANAH#DIGUL RIVER#DIGUL RIVER (ADVANCED 1)#DIGUL RIVER (ADVANCED 2)#KAOH RIVER#SUNGAI KAOH (ADVANCED)
284,234,pli,234,PULAU-PULAU ARU
285,235,pli,235R1#235,PELABUHAN YAMNA BESAR#PAPUA-PANTAI UTARA
286,236,pli,236R2#236R1,TELUK JAYAPURA
287,237,pli,237#237R1,PAPUA-PANTAI SELATAN
288,238,pli,238R1#238R3#238R4#238R5#238R2,PULAU-PULAU ARU
289,239,pli,239R1#239R4#239R5#239R2#239R3,SUNGAI MAMBERAMO AND SUNGAI MATABORI#TURNING NEAR PULAU SCHOLTEN#PULAU BETET#SUNGAI MAMBERAMO#PULAU SCHOLTEN TO PULAU BETET
290,240,pli,240R3#240R4#240R1#240R2,PELABUHAN SARA#PELABUHAN KAITERO#PANTAI BARAT IRIAN JAYA (PAPUA)
291,241,pli,241,SUMATERA-PANTAI BARAT
292,242,pli,242,SUMATERA-PANTAI BARAT
293,243,pli,243,SUMATERA-PANTAI BARAT
294,244,pli,244,PANTAI BARAT SUMATERA
295,245,pli,245,SUMATERA-PANTAI BARAT
296,246,pli,246,SUMATERA-PANTAI BARAT
297,247,pli,247,SUMATERA-PANTAI BARAT
298,248,pli,248R1#248R2,SELAT MULI#IRIANJAYA(PAPUA)-PANTAI SELATAN
299,249,pli,249R1#249,PELABUHAN TAPAKTUAN#SUMATERA-PANTAI BARAT
300,250,pli,250,SUMATERA-PANTAI BARAT
301,251,pli,251R1#251R3#251#251R2,PULAU-PULAU SALAUT#TELUK ACEH#SUMATERA-PANTAI BARAT
302,252,pli,252,PAPUA-PANTAI UTARA
303,253,pli,253,IRIAN JAYA (PAPUA) PANTAI UTARA
304,254,pli,254,KALIMANTAN-PANTAI TIMUR
305,254A,pli,254A R2#254A R1,KALIMANTAN-PANTAI TIMUR
306,255,pli,255R1#255R2#255 AREA2#255 AREA1#255R3,TANJUNGREDEP HARBOUR#TELUKBAYUR HARBOUR#KALIMANTAN PANTAI TIMUR
307,256,pli,256,KALIMANTAN-PANTAI TIMUR
308,257,pli,257#257R1,KALIMANTAN-PANTAI TIMUR
309,258,pli,258R1#258,PELABUHAN SARMI#PAPUA-PANTAI UTARA
310,259,pli,259R2#259R1#259#259R3,TARAKAN-SOUTH COAST
311,259A,pli,259A,INDONESIA. KALIMANTAN-EAST COAST TANJUNG SEPUNDI TO PULAU KERIS
312,260,pli,260R1#260R2,PELABUHAN BUNYU#ALUR PELAYARAN PELABUHAN BUNYU
313,261,pli,261R8#261R1#261R2#261R3#261R4#261R5#261R6#261R7,BALI NORTH COAST
314,262,pli,262R8#262R7#262R1#262R2#262R3#262R4#262R5#262R6#262R9,BALI-SOUTH EAST COAST
315,262A,pli,262A,BALI-PANTAI TENGGARA
316,262B,pli,262B,BALI-PANTAI TENGGARA
317,263,pli,263R1#263R2#263R3#263R4,ALUR MASUK UTARA SELAT ALAS#LOMBOK-PANTAI TIMUR
318,264,pli,264R1#264R3#264R2#264R4,TELUK SUMBAWA#TELUK SANGGAR (DOMPO)#PULAU MEDANG#TELUK BIMA
319,265,pli,265R1#265R2#265R3#265R4,TELUK LAMPUI
320,266,pli,266R1#266R2,TELUK SALEH BAGIAN BARAT#TELUK SALEH BAGIAN TIMUR
321,267,pli,267,NUSATENGGARA
322,268,pli,268R1#268R2#268R3#268R4,SUMBAWA-PANTAI TIMUR
323,269,pli,269R1#269R2#269R3#269R5#269R4,PULAU GELINTA#PULAU AIMERE#PELABUHAN IPI DAN PELABUHAN ENDE#TEMPAT-TEMPAT BERLABUH DEKAT LELA DAN SIKA BESAR#TELUK ENDE DAN TELUK IPI
324,270,pli,270R1#270R3#270R2#270R4,NUMFOOR
325,271,pli,271R1#271R3#271R4#271R2,SUNGAI BULAKA#SUNGAI BIAN#SUNGAI BIAN#SUNGAI BIAN
326,272,pli,272R2#272R1#272R3,MUARA SUNGAI KUMBE#SUNGAI KUMBE#SUNGAI KUMBE
327,273,pli,273,PAPUA-PANTAI SELATAN
328,274,pli,274#274R1,PULAU-PULAU MALUKU
329,275,pli,275R1#275R2#275R4#275#275R3,TELUK SANANA#SELAT LIFUMATOLA#SELAT CAPALULU AND TELUK VESUVIUS#LAUT MALUKU
330,276,pli,276R1#276R2#276R3#276R4#276R5#276R6,SIMEULUE-PANTAI BARAT
331,277,pli,277R1#277#277R2,TELUK SILABULABU#SUMATERA-PANTAI BARAT
332,278,pli,278R1#278R2#278R3#278R4#278R5#278R6#278R7#278R8#278R9#278R10#278R11,PULAU SIBERUT-EAST COAST
333,278A,pli,278A,SUMATERA-WEST COAST
334,279,pli,279R6#279R13#279R2#279R7#279R8#279R9#279R10#279R12#279R3#279R4#279R5#279R11#279R1,PELABUHAN TELUKBAYUR#PELABUHAN TELUKKABUNG#TELUK TARUSAN#TELUK BENGKUNAT#TELUK BALIMBING#TELUK KRUI#TELUK KRUI#TELUK PAINAN#TELUK SAMBAT (PELABUHAN BINTUHAN)#PELABUHAN MANA#TELUK LABUHANTAPOKAN#TELUK LABUHANSIGING#TELUK BAYUR DAN TELUK BUNGUS
335,280,pli,280R2#280R1#280,LAMPA STRAIT#LAUT ISLAND
336,281,pli,281#281R1,LAUT NATUNA
337,282,pli,282,KALIMANTAN-WEST COAST
338,283,pli,283,KALIMANTAN-PANTAI BARAT
339,284,pli,284R1#284,PART OF LIDA RIVER
340,284A,pli,284A,KALIMANTAN-WEST COAST
341,284B,pli,284B R1#284B R3#284B R2#284B,KALIMANTAN BARAT
342,285,pli,285,KALIMANTAN-PANTAI BARAT
343,286,pli,286,KALIMANTAN-PANTAI BARAT
344,287,pli,287,KALIMANTAN-PANTAI SELATAN
345,288,pli,288,KALIMANTAN-PANTAI SELATAN
346,289,pli,289,KALIMANTAN-SOUTH COAST
347,290,pli,290R1#290,SELAT BALI (BAGIAN UTARA)#NUSA TENGGARA
348,291,pli,291,NUSA TENGGARA
349,292,pli,292R3#292R1#292R2#292,AMPENAN HARBOUR#TELUK LEMBAR#TELUK KOMBAL#TANJUNG TAMBERAN TO TANJUNG PAPAK
350,293,pli,293,NUSATENGGARA
351,293A,pli,293A#293A R1,NUSATENGGARA
352,294,pli,294,NUSATENGGARA
353,295,pli,295,NUSATENGGARA
354,296,pli,296#296R1,NUSATENGGARA
355,297,pli,297#297R1,NUSATENGGARA
356,298,pli,298,NUSATENGGARA
357,299,pli,299,NUSATENGGARA
358,300,pli,300,NUSATENGGARA
359,301,pli,301,NUSATENGGARA
360,302,pli,302R8#302R1#302R2#302R3#302R4#302R5#302R7#302R6,SELAT LARANTUKA
361,303,pli,303R2#303R3#303R1#303,SUMBA-SOUTH COAST
362,304,pli,304R1#304R2#304R3#304R4#304R5#304R6,SUMBA-NORTH COAST
363,305,pli,305R2#305R3#305R1#305,MUARA SUNGAI PAGUYAMA#PELABUHAN GORONTALO#PULAU-PULAU TOGIAN
364,306,pli,306R1#306R2#306R3#306R4#306R5#306,PELABUHAN TINOMBO#TELUK SILABIA#PELABUHAN SIDOAN#PELABUHAN MANINILI#PELABUHAN LABUAN DAN BUOL#SULAWESI-PANTAI TIMUR
365,307,pli,307R1#307R2#307R3#307R4#307,TELUK TAMBU#AMPIBABO HARBOUR#PARIGI HARBOUR#BANANO HARBOUR#SULAWESI-EAST COAST
366,308,pli,308R2#308R4#308R5#308R1#308R3#308,PELABUHAN SABO#PELABUHAN BALINGARA#PELABUHAN TABELOMBANGI#PELABUHAN TOJO#PELABUHAN BUNTA#SULAWESI-PANTAI TIMUR
367,309,pli,309R1#309R2#309R5#309R4#309#309R3,ANCHOR BERTHS WALEA STRAIT EAST#PULUAMPAT HARBOUR#LUWUK PORT#PAGIMANA HARBOUR#SULAWESI-EAST COAST
368,310,pli,310,SULAWESI-PANTAI TIMUR
369,310A,pli,310A R3#310A R1#310A R2#310A,SULAWESI-PANTAI TIMUR
370,311,pli,311R1#311R2#311#311R3,TELUK BANGGAI DAN ALUR PELAYARAN TIMUR TOULAN#ALUR PELAYARAN ANTARA PULAU BOKAN BESAR DAN PULAU BOKAN KECIL#SULAWESI-PANTAI TIMUR
371,312,pli,312R1#312,PULAU TERANGAN-WEST COAST
372,313,pli,313R1#313,PELABUHAN BUNGKU#SULAWESI-PANTAI TIMUR
373,314,pli,314R1#314,MANUI
374,315,pli,315,SULAWESI-PANTAI TENGGARA
375,316,pli,316,SULAWESI-PANTAI TENGGARA
376,317,pli,317,SOUTHEAST SULAWESI-COAST
377,318,pli,318,SULAWESI-SOUTH COAST
378,319,pli,319R4#319R1#319R2#319R3#319,TELUK LABUANDATA#ANCHORAGE ON SUNGAI WOTU#TELUK USSU AND SUNGAI MALILI#TELUK LAOLI TELUK PAUSU#SULAWESI-TELUK BONE
379,319A,pli,319A#319A R1,SULAWESI-SOUTH COAST
380,319B,pli,319B#319B R1,SULAWESI-SOUTH COAST
381,320,pli,320R1#320,PELABUHAN SEBA#NUSA TENGGARA
382,321,pli,321,NUSA TENGGARA
383,322,pli,322R1#322R2#322R3#322R4#322,ROTE-PANTAI BARAT LAUT
384,323,pli,323R2#323R3#323R1#323,TIMOR-PANTAI BARAT
385,324,pli,324R3#324R1#324R4#324R2#324R5,SULAWES-EAST COAST
386,325,pli,325R1#325R3#325R5#325R6#325R4#325R2,NUSATENGGARA-PULAU SUMBAWA
387,326,pli,326R1#326R2#326R3#326R4#326R5#326R6#326R7#326R8#326R9#326R10#326R11#326R12#326R13,TELUK LAMALA#SUNGAI LA#ONDOLEAN HARBOUR#TELUK ARJUNO#TELUK NONAPETONG#MONDONO#BELANTA#SUNGAI BAYOLI#DONGI#LUK HARBOUR#LUWUK HARBOUR#KINTONG#TANGKIANG
388,326A,pli,326A#326A R1,SULAWESI TENGAH
389,327,pli,327#327R1,TELUK BONE-WEST PART PALOPO TO KARANGKARANGAN#PALOPO
390,328,pli,328R1#328R2#328R3#328,PELABUHAN KALBANO#TELUK NOILMINA#SUNGAI MOTAWEDELIEK#NUSA TENGGARA
391,329,pli,329R1#329R2#329R3#329R4#329,PELABUHAN SAENAMO (LORE)#TIMOR-PANTAI SELATAN
392,330,pli,330R1#330R2#330R3#330R4,MUARA SUNGAI KOTAWARINGIN#SUNGAI KOTA WARINGIN DAN SUNGAI ARUT HINGGA PANGKALAN BUN#SUNGAI LAMANDAU HINGGA KOTAWARINGIN LAMA#MUARA SUNGAI JELAI
393,331,pli,331,LAUT NATUNA
394,331B,pli,,INDONESIA SELAT LAMPA PULAU BURUNG TO TANJUNG SILEMUT
395,331A,pli,331A R1#331A,PORT OF SEDANAU#NATUNA SEA
396,332,pli,332R2#332R1#332R3#332R4,NORTH NATUNA ISLANDS
397,333,pli,333R1#333R2#333R3,PULAU-PULAU SUBI BESAR DAN PULAU-PULAU SEKITARNYA#PULAU SERASAN
398,334,pli,334#334R1,SUNGAI PALOH#MUARA SUNGAI KANDANGKERBAU DAN SUNGAI KETAPANG
399,335,pli,335R3#335R4#335R6#335R5#335R8#335R13#335R2#335R7#335R10#335R1#335R9#335R11#335R12,PULAU TOKONGKEMUDI#PULAU DUMDUM#PULAU TOKONGUWI#PULAU MANDARIKI#PULAU TOKONGMENGGIRANG#PULAU PENGIKIK BESAR AND PULAU PENGIKIK KECIL#PULAU MURI#PULAU TOKONGBELAYAR#TELUK TAMBELAN#PULAU MIDAI#PULAU-PULAU TAMBELAN#PULAU-PULAU BADAS (WATAS)#PULAU PEJANTAN
400,336,pli,336R7#336R2#336R6#336R8#336R1#336R3#336R4#336R5#336R9,PELABUHAN PONTIANAK#MUARA SUNGAI KAPUAS KECIL
401,337,pli,337R2#337R3#337R4#337R1,KALIMANTAN-PANTAI SELATAN
402,338,pli,338R1#338R4#338R2#338R3,KALIMANTAN-PANTAI SELATAN
403,339,pli,339#339R2#339R1,KALIMANTA-PANTAI SELATAN
404,340,pli,340#340R1,KALIMANTAN-SOUTH COAST
405,341,pli,341R1#341,PORT OF KUALATANJUNG#EASTERN COAST-SUMATERA
406,342,pli,342Ra#342Rb#342R1,SULAWESI-PANTAI UTARA
407,343,pli,343R1#343R2#343R3#343,TELUK KWANDANG HINGGA TANJUNG BINTA#PULAU-PULAU TIGA#ALUR PELAYARAN KE BOLAANGMONGONDOU#TELUK KWANDANG HINGGA TANJUNG MARIRI
408,344,pli,344,SULAWESI-NORTH COAST AND NORTHEAST COAST
409,344A,pli,344A R1#344A#344A R2,MANADO HARBOUR#NORTH COAST-SULAWESI
410,344B,pli,344B,SULAWESI-NORTH COAST
411,344C,pli,344C,SULAWESI-NORTH COAST
412,344D,pli,344D,SULAWESI-NORTH COAST
413,345,pli,345R5#345R4#345R3#345R2#345R6#345R1,FLORES-PANTAI UTARA
414,346,pli,346R3#346R4#346R5#346R6#346R1#346R2,PANTAI UTARA FLORES
415,347,pli,347,SELAT SINGAPURA
416,348,pli,348,SELAT SINGAPORE
417,349,pli,349,SELAT SINGAPORE
418,350,pli,350,SELAT MALAKA
419,351,pli,351,MALAKA STRAIT
420,352,pli,352,SELAT SINGAPURA
421,353,pli,353,SUMATERA BAGIAN UTARA
422,354,pli,354,LAUT NATUNA UTARA
423,355,pli,355,LAUT CINA SELATAN
424,356,pli,356,LAUT SULAWESI
425,356A,pli,356A,LAUT SULAWESI
426,357,pli,357,PACIFIC OCEAN
427,358,pli,358,SAMUDERA PASIFIK
428,359,pli,359,SAMUDERA HINDIA
429,360,pli,360,MALAKA STRAIT
430,361,pli,361,KALIMANTAN EAST COAST AND SOUTH COAST
431,361A,pli,361A,LAUT JAWA DAN SELAT MAKASAR
432,362,pli,362,SULAWESI-PANTAI TIMUR
433,363,pli,363,LAUT BANDA
434,364,pli,364,SAMUDERA HINDIA
435,365,pli,365,SAMUDERA HINDIA
436,366,pli,366,BALI SEA AND FLORES SEA TO SAWU SEA AND INDIAN OCEAN
437,367,pli,367,LAUT SAWU AND LAUT TIMOR TO LAUT ARAFURU AND LAUT BANDA
438,368,pli,368,LAUT ARAFURU
439,369,pli,369R1#369R3#369R2#369R4,PULAU KISAR HARBOUR#LAGA#MAUBARA#LAUTEM
440,370,pli,370,SULAWESI-SOUTH EAST COAST
441,371,pli,371R1#371R2#371R4#371R3#371R6#371R7#371R9#371R8#371R5,ANCHORAGE AREA AROUND WANGIWANGI#ENTRANCE TO KAPOTTA REEF#ANCHORAGE AREA BETWEEN KALEDUPA AND HOGA#BINONGKO COAST NORTHEAST
442,372,pli,372,LAUT FLORES
443,373,pli,373R8#373R2#373R9#373R6#373R5#373R7#373R1#373R4#373R3,PULAU KAKABIA#PULAU-PULAU TAKABONERATE
444,374,pli,374,FLORES SEA TENGAH ISLANDS AND SABALANA ISLANDS
445,375,pli,375R1#375R2#375R3#375R4#375R5#375,PANTAI BARAT KISAR
446,376,pli,376R2#376R3#376R1#376R4#376R5#376R6#376R7#376,ALOR - PANTAI BARAT LAUT
447,377,pli,377R1#377R11#377R12#377R5#377R13#377R7#377R2#377R3#377R4#377R6#377R10#377R A#377R9#377R C#377R8#377R B,PULAU DAMAR
448,378,pli,378R1#378R2#378R3#378,PULAU TIMOR-PANTAI UTARA
449,379,pli,379R1#379R2#379R3#379R4#379R5#379R6,PAPUA-NORTH COAST
450,380,pli,380R1#380R2#380R5#380R3#380R4,TABELO
451,381,pli,381R5#381R1#381R2#381R3#381R4,TIMOR-PANTAI UTARA
452,382,pli,382R1#382,SAUMLAKI#TANIMBARS ISLANDS
453,383,pli,383R1#383,PULAU YAMDENA-NORTHWEST COAST
454,385,pli,385R2#385R3#385R4#385#385R1,TERNATE PORTS#TIDORE HARBOUR#JAILOLO HARBOUR#PULAU HALMAHERA-WEST COAST
455,386,pli,386,HALMAHERA UTARA DAN MOROTAI
456,387,pli,387R2#387R3#387R4#387R5#387R7#387R1#387R8#387R9#387#387R6,TELUK BOBANE#AKESELAKA HARBOUR#ANCHOR BERTHS TIFONIS AND DOROSAGO#BULI HARBOUR#CHANNEL AROUND ENGLAND#KAU HARBOUR#HALMAHERA-TANJUNG SIBURU#HALMAHERA-TANJUNG GURUA#PULAU HALMAHERA-EAST COAST
457,388,pli,388R1#388R2#388R3#388R4#388R5#388R6#388R7#388,TELUK KOKKA#PELABUHAN FOYA#PELABUHAN WEDA#PELABUHAN PATANI (GAMSUNGI)#PELABUHAN MESA#PELABUHAN GEBE#ALUR PELAYARAN DEKAT ENGLAND#PULAU HALMAHERA-PANTAI TIMUR
458,389,pli,389R1#389R6#389R2#389R3#389R4#389R5#389R7#389R8#389R9#389,PULAU-PULAU GURA ICI
459,390,pli,390R1#390R2#390,OBIMAYOR-PANTAI UTARA
460,391,pli,391R1#391R4#391R5#391R6#391R7#391R8#391R9#391R10#391R11#391R2#391R3,MOROTAI-PANTAI BARAT
461,391A,pli,391A#391A R1,PASSAGE WESTERN PART MOROTAI#TILEY HARBOUR
462,391B,pli,391B,MOROTAI - WEST COAST
463,392,pli,392R2#392R1#392,PELABUHAN LABUHA#ALUR PELAYARAN MASUK SEBELAH SELATAN SELAT SEMBAKI#HALMAHERA-PANTAI BARAT
464,393,pli,393R1#393R2#393R3#393R4#393R5,PULAU-PULAU BANGGAI
465,394,pli,394R1#394R3#394R4#394R2,AMPANA#WAKAI#KALABAHI#LARAT
466,395,pli,395R2#395R4#395R5#395R6#395R1#395R3,KALIMANTAN-PANTAI TIMUR
467,396,pli,396R1#396,ALUR PELAYARAN SUNGAI SATUI#KALIMANTAN-PANTAI TENGGARA
468,397,pli,397R1#397R4#397R2#397R3#397R5#397R6#397R7#397,TELUK TIFU#PELABUHAN NAMLEA#PELABUHAN JIKUMERASA#PULAU MANIPA
469,398,pli,398R1#398R3#398R4#398R5#398R7#398R6#398R8#398R2#398,LOBANG HAYA#PAONI HARBOUR#TELUK KOTANIA#TELUK SAWAI AND TELUK BESI#SAPARUA HARBOUR#ASAUDI HARBOUR#PIRU HARBOUR#LOKI HARBOUR#PULAU-PULAU MALUKU
470,398A,pli,398A R1#398A,PELABUHAN AMAHAI#PULAU-PULAU MALUKU
471,399,pli,399R2#399R3#399R4#399R5#399R6#399R8#399R9#399R11#399R12#399R13#399R1#399R10#399#399R7,SERAM-PANTAI SELATAN
472,399A,pli,399A R1#399A R2#399A,ALUR PELAYARAN WAIHUL#PELABUHAN KHUSUS WAIHUL#PULAU SERAM
473,400,pli,400R4#400R1#400R2#400R3,PELABUHAN PERTAMINA GUNUNGSITOLI#ALUR PELAYARAN SUNGAI KUMAI
474,401,pli,401R2#401R4#401R1#401R3,LAUT NATUNA
475,402,pli,402,LAUT HALMAHERA DAN PAPUA-PANTAI BARAT LAUT
476,403,pli,403R2#403R1#403,TUFURE#MAYAU#LAUT MALUKU BAGIAN UTARA
477,404,pli,404,MALUKU SEA SOUTHERN PORTION
478,405,pli,405,MALUKU-LAUT BANDA
479,406,pli,406,SERAM
480,407,pli,407,PULAU-PULAU KAI AND PULAU-PULAU ARU
481,408,pli,408,PULAU-PULAU SERMATA DAN PULAU-PULAU TANIMBAR
482,409KK,pli,409KK,PELABUHAN SUNDAKELAPA DAN DERMAGA MARINA
483,410KK,pli,410KK,PULAU-PULAU SERIBU
484,411KK,pli,411KK,TELUK JAKARTA
485,412KK,pli,412KK,PULAU-PULAU SERIBU
486,413KK,pli,413KK,PULAU-PULAU SERIBU
487,414KK,pli,414KK,PULAU-PULAU SERIBU
488,415KK,pli,415KK,PULAU-PULAU SERIBU
489,416KK,pli,416KK,PULAU-PULAU SERIBU
490,417KK,pli,417KK,PULAU-PULAU SERIBU
491,425,pli,425,JAVA SEA
492,490,pli,,
493,508,pli,508,IRIANJAYA (PAPUA)-PANTAI BARAT DAYA
494,509,pli,509,LAUT JAWA
495,510,pli,510,SELAT MAKASSAR
496,511,pli,511,SELAT MAKASSAR
497,512,pli,512,LAUT HALMAHERA
498,513,pli,513,JAWA-NORTH COAST
499,514,pli,514,JAWA-NORTH COAST
500,515,pli,515,KALIMANTAN-SOUTH COAST
501,516,pli,516,JAWA-NORTH COAST
502,517,pli,517,JAWA-NORTH COAST
503,518,pli,518,JAWA-NORTH COAST
504,522,pli,522R1#522R2#522R3#522R4#522,DERMAGA TIGARAS#DERMAGA SIMANINDO#DERMAGA TOMOK#PARAPAT#SUMATERA UTARA
505,523,pli,523R1#523R2#523R3#523R4#523,PELABUHAN PENYEBRANGAN SIPINGGAN#PELABUHAN PENYEBRANGAN ONAN RUNGGU#PELABUHAN PENYEBRANGAN BALIGE#PELABUHAN PENYEBRANGAN MUARA#SUMATERA UTARA
506,524,pli,524R1#524R2#524R3#524,BAHADOPI PORT#TELUK TALOWA
507,525,pli,525,SUMATERA-SOUTH COAST
508,526,pli,526#526R1,SULAWESI-EAST COAST
509,527,pli,527R1#527R2#527R4#527R3#527,TAWIRI HARBOUR#PERTAMINA HARBOUR WAYAME#IRIAN WHARF#YOS SUDARSO PORT#TELUK AMBON TO TELUK HALONG
510,528,pli,528,LAUT JAWA
511,529,pli,529,LAUT JAWA
512,531,pli,531R2#531R1,KIJING PORT#KALIMANTAN-WEST COAST
513,532,pli,532R1#532,LEWOLEBA HARBOUR#NUSA TENGGARA
514,533,pli,533#533R1,SULAWESI-SOUTH COAST
515,534,pli,534R1#534,MOORING FACILITY
516,539,pli,539,Indonesia. Sulawesi. East Coast. MOROWALI IMIP-INDONESIA MOROWALI INDUSTRIAL PARK
517,539A,pli,539A,INDONESIA. SULAWESI-EAST COAST. MOROWALI UTARA. TANAUGE TO TANJUNG MERPATI
518,540,pli,540,INDONESIA
519,542,pli,542,Indonesia. Kalimantan Timur. Channel Passage to IKN (Pulau Kwangan to Pulau Mentari)
520,INDEX T,pli,,
521,INDEX B,pli,,
522,_002,pli,,
523,_005,pli,,
524,ID2795,pli,,
525,ID2796,pli,,
526,ID2797,pli,,
527,ID2862,pli,,
528,ID2868,pli,,
529,ID2869,pli,,
530,ID2870,pli,,
531,ID2872,pli,,
532,ID2873,pli,,
533,ID2874,pli,,
534,ID2876,pli,,
535,ID2877,pli,,
536,ID2892,pli,,
537,ID2893,pli,,
538,ID2894,pli,,
539,ID2903,pli,,
540,ID2908,pli,,
541,ID2909,pli,,
542,ID2910,pli,,
543,ID2911,pli,,
544,ID2915,pli,,
545,ID2916,pli,,
546,ID2936,pli,,
547,ID2941,pli,,
548,ID2948,pli,,
549,ID2952,pli,,
550,ID2953,pli,,
551,ID2954,pli,,
552,ID2992,pli,,
553,ID3749,pli,,
554,ID3751,pli,,
555,PWY 1,pli,,
556,PWY 2,pli,,
557,PWY 3,pli,,
558,PWY 4,pli,,
559,PWY 5,pli,,
560,PWY 6,pli,,
561,PWY 7,pli,,
562,PWY 8,pli,,
563,PWY 9,pli,,
564,PWY 10,pli,,
565,PWY 11,pli,,
566,PWY 12,pli,,
567,PWY 13,pli,,
568,PWY 14,pli,,
569,PWY 15,pli,,
570,GEBCO-224,pli,,
571,GEBCO-225,pli,,
572,GEBCO-226,pli,,
573,GEBCO-227,pli,,
574,GEBCO-254,pli,,
575,GEBCO-255,pli,,
576,GEBCO-256,pli,,
577,GEBCO-257,pli,,
578,GEBCO-258,pli,,
579,GEBCO-285,pli,,
580,GEBCO-286,pli,,
581,GEBCO-287,pli,,
582,GEBCO-288,pli,,
583,GEBCO-289,pli,,
584,BP-420,pli,,
585,BP-421,pli,,
586,BP-422,pli,,
587,BP-423,pli,,
588,BP-424,pli,,
589,BP-426,pli,,
590,BP-427,pli,,
591,BP-428,pli,,
592,BP-430,pli,,
593,BP-431,pli,,
594,BP-432,pli,,
595,BP-433,pli,,
596,BP-434,pli,,
597,BP-435,pli,,
598,BP-436,pli,,
599,BP-437,pli,,
600,BP-438,pli,,
601,BP-439,pli,,
602,BP-440,pli,,
603,BP-441,pli,,
604,BP-442,pli,,
605,BP-443,pli,,
606,BP-444,pli,,
607,BP-445,pli,,
608,BP-446,pli,,
609,BP-447,pli,,
610,BP-448,pli,,
611,BP-449,pli,,
612,BP-450,pli,,
613,BP-451,pli,,
614,BP-452,pli,,
615,BP-453,pli,,
616,BP-454,pli,,
617,BP-455,pli,,
618,BP-456,pli,,
619,BP-457,pli,,
620,BP-458,pli,,
621,BP-459,pli,,
622,BP-459A,pli,,PETA GARIS PANGKAL WILAYAH NUSA TENGGARA TIMUR
623,BP-460,pli,,
624,BP-461,pli,,
625,BP-462,pli,,
626,BP-463,pli,,
627,BP-464,pli,,
628,BP-465,pli,,
629,BP-466,pli,,
630,BP-467,pli,,
631,BP-468,pli,,
632,BP-469,pli,,
633,BP-470,pli,,
634,BP-471,pli,,
635,BP-472,pli,,
636,BP-473,pli,,
637,BP-474,pli,,
638,BP-475,pli,,
639,BP-476,pli,,
640,BP-477,pli,,
641,BP-478,pli,,
642,BP-479,pli,,
643,BP-480,pli,,
644,BP-481,pli,,
645,BP-482,pli,,
646,BP-483,pli,,
647,BP-484,pli,,
648,BP-485,pli,,
649,BP-486,pli,,
650,BP-487,pli,,
651,BP-488,pli,,
652,BP-489,pli,,
653,BP-491,pli,,
654,BP-492,pli,,
655,BP-493,pli,,
656,BP-494,pli,,
657,BP-495,pli,,
658,BP-496,pli,,
659,BP-497,pli,,
660,BP-498,pli,,
661,BATHY-1707,pli,,
662,BATHY-1807,pli,,
663,BATHY-1808,pli,,
664,BATHY-1809,pli,,
665,BATHY-1908,pli,,
666,BATHY-1909,pli,,
667,BATHY-2008,pli,,
668,BATHY-2009,pli,,
669,BATHY-2108,pli,,
670,BATHY-2109,pli,,
671,BATHY-2208,pli,,
672,BATHY-2209,pli,,
673,BATHY-2308,pli,,
674,LPI-1608,pli,,
675,LPI-1608-01,pli,,
676,LPI-1608-02,pli,,
677,LPI-1608-08,pli,,
678,LPI-1608-09,pli,,
679,LPI-1609,pli,,
680,LPI-1707,pli,,
681,LPI-1707-09,pli,,
682,LPI-1707-10,pli,,
683,LPI-1707-11,pli,,
684,LPI-1707-12,pli,,
685,LPI-1708,pli,,
686,LPI-1708-01,pli,,
687,LPI-1708-03,pli,,
688,LPI-1708-06,pli,,
689,LPI-1709,pli,,
690,LPI-1709-01,pli,,
691,LPI-1709-02,pli,,
692,LPI-1807,pli,,
693,LPI-1807-01,pli,,
694,LPI-1807-02,pli,,
695,LPI-1807-03,pli,,
696,LPI-1807-04,pli,,
697,LPI-1807-05,pli,,
698,LPI-1807-06,pli,,
699,LPI-1808,pli,,
700,LPI-1809,pli,,
701,LPI-1910,pli,,
702,LPI-2010,pli,,
703,LPI-2011,pli,,
704,LPI-2012,pli,,
705,59K,pli,,KALIMANTAN
706,282K,pli,,KALIMANTAN
707,376K,pli,,NUSA TENGGARA TIMUR
708,PETA NKRI,pli,,
709,ENC 12 BULAN,enc,,
710,ENC 3 BULAN,enc,,
711,ENC 6 BULAN,enc,,
712,ENC 9 BULAN,enc,,
713,PAKET PASUT_ARUS_ALMANAK,buku,,
714,PAKET PASUT_ARUS_ALMANAK 2024,buku,,
715,PAKET PASUT_ARUS_ALMANAK 2025,buku,,
716,BPI,buku,,
717,BPI INDEX-1,buku,,
718,BPI INDEX-2,buku,,
719,KATALOG PETA LAUT,buku,,
720,KATALOG ENC,buku,,
721,KEPANDUAN BAHARI I,buku,,
722,KEPANDUAN BAHARI II,buku,,
723,KEPANDUAN BAHARI III,buku,,
724,KEPANDUAN BAHARI IV,buku,,
725,NAVIGASI ASTRONOMI,buku,,
726,DAERAH RANJAU,buku,,
727,INFORMASI PELABUHAN,buku,,
728,DAFTAR SUAR INDONESIA,buku,,
729,DAFTAR PELAMPUNG PERAMBUAN,buku,,
730,SISTEM PELAMPUNG A,buku,,
731,PETA CUACA,buku,,
732,PETA ARUS BARAT,buku,,
733,PETA ARUS TIMUR,buku,,
734,DAFTAR STASIUN RADIO PANTAI,buku,,
735,DAFTAR KERANGKA KAPAL,buku,,
736,DAFTAR TRACK DAN JARAK,buku,,
737,BUKU KABEL DAN PIPA,buku,,
738,TERBIT TERBENAM MATAHARI,buku,,
739,PETA PELAYARAN PEL KALBAR,buku,,
740,ALUR S.MAHAKAM-MUARA PEGAH,buku,,
741,INFORMASI ALUR PELAYARAN,buku,,
742,PETA ALUR PELAYARAN WIL 3,buku,,
